SID_Inv,PO43.,Depth.Width,DO,PH,Avg.Temp,AvgPPT,Forest
2.748531,4.1275,0.07358307,82.8,7.0775,21.54733,68.53261,3.58
1.409774,1.6675,0.04319679,79.7,6.9625,20.66817,99.49261,2.57
1.793963,0.4075,0.05506405,64.7,7.135,21.209,84.25101,17.53
1.725462,0.405,0.04755707,45.7,6.895,21.39533,66.87014,1.44
2.035257,0.315,0.06802326,62.45,7.215,21.51617,72.85029,8.43
2.007522,3.1775,0.05987592,79.4,7.1675,22.188,68.92246,0.2
2.211945,4.275,0.05455876,68.5,6.4275,22.2145,56.67232,1.48
2.545774,0.2975,0.06599933,77.65,7.1825,21.5275,78.72899,34.85
